{
  "CH": {
    "release_pos_x": -1.5195555556,
    "release_pos_y": 54.6376111111,
    "release_pos_z": 5.8411666667,
    "vx0": 5.1250513411,
    "vy0": -122.0610895825,
    "vz0": -4.2341088839,
    "ax": -13.9288853135,
    "ay": 24.3071345314,
    "az": -23.8754180931,
    "release_spin_rate": 1949.8833333333,
    "spin_axis": 237.9111111111
  },
  "CU": {
    "release_pos_x": -1.4409352518,
    "release_pos_y": 54.5782733813,
    "release_pos_z": 5.8716546763,
    "vx0": 3.3621822119,
    "vy0": -119.8827163519,
    "vz0": -1.3141140427,
    "ax": 1.0167418852,
    "ay": 23.3127290481,
    "az": -42.2423148757,
    "release_spin_rate": 2524.1726618705,
    "spin_axis": 26.2374100719
  },
  "FC": {
    "release_pos_x": -1.5701834862,
    "release_pos_y": 54.5929357798,
    "release_pos_z": 5.8611009174,
    "vx0": 4.755484253,
    "vy0": -132.2154800606,
    "vz0": -4.0940926554,
    "ax": -2.1678858112,
    "ay": 27.5952118441,
    "az": -22.3313407808,
    "release_spin_rate": 2510.7981651376,
    "spin_axis": 206.9724770642
  },
  "FF": {
    "release_pos_x": -1.4467148014,
    "release_pos_y": 54.6267870036,
    "release_pos_z": 5.8996028881,
    "vx0": 5.5784876448,
    "vy0": -137.1728578049,
    "vz0": -5.0229436554,
    "ax": -12.7665183653,
    "ay": 31.2687410509,
    "az": -14.5889747049,
    "release_spin_rate": 2330.5992779783,
    "spin_axis": 220.9963898917
  },
  "SI": {
    "release_pos_x": -1.46768,
    "release_pos_y": 54.59488,
    "release_pos_z": 5.8828,
    "vx0": 6.1651220853,
    "vy0": -136.1213102499,
    "vz0": -5.1093160935,
    "ax": -18.1930503098,
    "ay": 29.4992686839,
    "az": -20.8605143595,
    "release_spin_rate": 2181.008,
    "spin_axis": 222.832
  },
  "SL": {
    "release_pos_x": -1.4841071429,
    "release_pos_y": 54.5538392857,
    "release_pos_z": 5.8829464286,
    "vx0": 3.8352346947,
    "vy0": -123.9938888955,
    "vz0": -2.8908283761,
    "ax": 2.2438481221,
    "ay": 24.7576679012,
    "az": -32.0078369551,
    "release_spin_rate": 2569.4375,
    "spin_axis": 78.4375
  },
  "ST": {
    "release_pos_x": -1.5316438356,
    "release_pos_y": 54.5626027397,
    "release_pos_z": 5.8101369863,
    "vx0": 2.414898617,
    "vy0": -121.1509004062,
    "vz0": -1.4512551346,
    "ax": 9.3234635218,
    "ay": 25.7597885467,
    "az": -33.4319333344,
    "release_spin_rate": 2494.1917808219,
    "spin_axis": 56.698630137
  }
}